Unnamed: 0,text,created_time,mentions/0,hashtags,shareCount,commentCount,playCount,collectCount,diggCount
0,7 days of holiday outfits  #fyp #holidayoutfits,07/05/2025,,"fyp, holidayoutfits",7,11,199900,87,689
1,We need them ALL  #fyp #graphictee,18/05/2025,,"fyp, graphictee",1459,28,145100,819,4625
2,Let's mooch around together ️ #fyp #newin,11/05/2025,,"fyp, newin",534,55,135200,630,3571
3,Come with us to choose outfits for each other  #fyp #newin,28/05/2025,,"fyp, newin",3,3,2398,6,55
4,What the team wore to our summer press day  #fyp #fitcheck,28/05/2025,,"fyp, fitcheck",3,3,2996,3,83
5,Could this be the one!!?? #fyp #weddingguestoutfit,27/05/2025,,"fyp, weddingguestoutfit",0,4,2383,2,41
6,We’re 100% falling for this this year  #fyp #newin,27/05/2025,,"fyp, newin",5,2,3606,3,66
7,The teams top picks for holiday szn  #fyp #holidayoutfits,27/05/2025,,"fyp, holidayoutfits",3,0,2036,1,21
8,This is a bit of us  #fyp #western,26/05/2025,,"fyp, western",3,1,2160,1,39
9,Who wants to see it on!?  #fyp #crab,25/05/2025,,"fyp, crab",29,1,15600,19,187
10,So here for the white jeans and yellow top combo ✨ #fyp #whitejeans,24/05/2025,,"fyp, whitejeans",3,2,2814,4,59
11,Something about a matching set for the airport  #fyp #airportoutfit,23/05/2025,,"fyp, airportoutfit",3,1,1623,2,25
12,Let's try on last minute holiday outfits  @kierah #fyp #holidayoutfits,23/05/2025,@kierah,"fyp, holidayoutfits",0,1,1931,1,32
13,This shade of green  AW4-046 #fyp #milkmaiddress,23/05/2025,,"fyp, milkmaiddress",3,4,2701,4,51
14,A different style for each bridesmaid  #fyp #bridesmaid #bridesmaiddress,22/05/2025,,"fyp, bridesmaid, bridesmaiddress",0,1,1611,3,42
15,Outfit inspo for all of your events this spring ✨ @Sofy Nicole Dobson #fyp #springoutfits,22/05/2025,@Sofy Nicole Dobson,"fyp, springoutfits",1,0,2285,8,57
16,Trust us… you need a linen co-ord for summer  #fyp #linen,22/05/2025,,"fyp, linen",1,0,2746,3,40
17,It’s just so pretty  #fyp #weddingguestoutfit,21/05/2025,,"fyp, weddingguestoutfit",1,0,2871,1,51
18,Cool girls iykyk  #fyp #cowprint,21/05/2025,,"fyp, cowprint",20,2,6004,6,55
19,This could be our fav trend of the year  ✨ #fyp #boho #bohochic,20/05/2025,,"fyp, boho, bohochic",6,3,3070,7,67
20,Which colourway is your favourite ?  #fyp #linen #linentrousers,20/05/2025,,"fyp, linen, linentrousers",8,6,6765,3,83
21,Replying to @Lexi.Taylor. Summer can’t come quick enough  #fyp #kidsclothing,20/05/2025,@Lexi.Taylor.,"fyp, kidsclothing",0,2,2314,5,63
22,Who said boys clothes have to be boring @Chloé | Mama to Ellis & Effie #fyp #boyoutfits,19/05/2025,@Chloé | Mama to Ellis & Effie,"fyp, boyoutfits",13,8,2744,11,83
23,Finally got our hands on it  #fyp #handbag,19/05/2025,,"fyp, handbag",18,4,5292,3,118
24,This might be our new fav colour for spring  #fyp #dustypink,18/05/2025,,"fyp, dustypink",3,2,5359,4,129
25,It’s giving european summer  #fyp #polkadot,17/05/2025,,"fyp, polkadot",3,2,5686,3,75
26,A look behind the scenes at our summer press day ☀️ #fyp #newin,17/05/2025,,"fyp, newin",0,4,4835,5,106
27,3 easy ways to style jorts this spring  #fyp #jorts,16/05/2025,,"fyp, jorts",0,3,2603,5,33
28,Who says pj’s are just for bedtime  #fyp #beachcoverup,16/05/2025,,"fyp, beachcoverup",11,1,5625,14,106
29,The team choose their favourite press day finds  #fyp #newin,16/05/2025,,"fyp, newin",10,7,5341,11,92
30,Every day is a cool toddler outfit day ☀️@Chloé | Mama to Ellis & Effie #fyp #kidsootd #boysfashion,15/05/2025,@Chloé | Mama to Ellis & Effie,"fyp, kidsootd, boysfashion",35,9,7682,52,281
31,This print is everything  #fyp #weddingguestoutfit,15/05/2025,,"fyp, weddingguestoutfit",2,2,6814,13,89
32,Officially in our hosting era   #fyp #hosting,15/05/2025,,"fyp, hosting",2,3,2898,5,66
33,They’re just so cute ✨ #fyp #springshoe,14/05/2025,,"fyp, springshoe",2,0,2515,3,37
34,The padron pepper tee ️ #fyp #graphictee,14/05/2025,,"fyp, graphictee",10,1,3925,6,65
35,We can’t get enough  #fyp #polkadot,13/05/2025,,"fyp, polkadot",2,3,4448,6,66
36,It’s world cocktail day… what’s a girl to do? #fyp #worldcocktailday,13/05/2025,,"fyp, worldcocktailday",396,0,22000,31,696
37,Which outfit should Dani choose for a spring wedding ? #fyp #weddingguestoutfit,13/05/2025,,"fyp, weddingguestoutfit",0,2,3410,2,53
38,3 occasion wear fits to save for spring ✨ @WhatGGwears #fyp #weddingguestoutfit,13/05/2025,@WhatGGwears,"fyp, weddingguestoutfit",1,1,3065,0,38
39,The team take on the rail challenge  #fyp #challenge,13/05/2025,,"fyp, challenge",11,7,5252,12,119
40,The perfect waistcoat for spring  @Missjamiefirth #fyp #springoutfit,12/05/2025,@Missjamiefirth,"fyp, springoutfit",5,1,3577,9,63
41,Tag someone who’d love this  #fyp #festivaloutfit,11/05/2025,,"fyp, festivaloutfit",27,7,57100,34,219
42,A fresh colour palette for spring ✨ #fyp #homedecor,10/05/2025,,"fyp, homedecor",22,1,143500,29,536
43,Wish we realised this sooner  #fyp #stripetrousers,10/05/2025,,"fyp, stripetrousers",6,0,12900,6,140
44,Our jaws are on the floor  #fyp #summeroutfit,10/05/2025,,"fyp, summeroutfit",44,18,17100,59,385
45,A sneak peek into what’s new for summer  #fyp #newin,09/05/2025,,"fyp, newin",69,23,27600,62,557
46,The team answer our who’s most likely to questions… #fyp #officeculture,09/05/2025,,"fyp, officeculture",3,1,4822,2,55
47,The excitement is REAL  #fyp #mollymae,09/05/2025,,"fyp, mollymae",8,0,3105,2,51
48,Dreaming of wearing this in Italy this summer  #fyp #eurosummer,08/05/2025,,"fyp, eurosummer",0,1,3037,5,34
49,Is this not the perfect beach cover up!?  #fyp #beachwear #beachcoverup,08/05/2025,,"fyp, beachwear, beachcoverup",3,2,3275,5,52
50,We didn’t know we needed this until now  #fyp #pyjamas,07/05/2025,,"fyp, pyjamas",11,1,13900,8,102
51,We’ll go first @Cinzia  #fyp #strawberrydecor,07/05/2025,@Cinzia,"fyp, strawberrydecor",303,52,250700,104,1500
52,Cannot wait to style these this summer  #fyp #accessories,06/05/2025,,"fyp, accessories",68,15,582000,151,2096
53,The fit of this dress  #fyp #weddingguestoutfit,06/05/2025,,"fyp, weddingguestoutfit",3,1,13900,7,67
54,If you see us wearing this all spring… no you don’t  #fyp #polkadot,06/05/2025,,"fyp, polkadot",15,2,272400,30,418
55,This is your sign to book that holiday  #fyp #accessories #jewellery,05/05/2025,,"fyp, accessories, jewellery",7,2,10600,17,133
56,The perfect denim co-ord for spring  #fyp #coord,05/05/2025,,"fyp, coord",0,2,2873,6,56
57,Gingham is a girls best friend… right!?  #fyp #gingham,04/05/2025,,"fyp, gingham",171,24,486600,263,3141
58,Tag someone that needs this dress for prom  #fyp #prom #promdress,04/05/2025,,"fyp, prom, promdress",41,4,804600,99,953
59,When our stripe trousers are sold out but these aren’t  #fyp #stripetrousers,04/05/2025,,"fyp, stripetrousers",11,10,151600,12,302
60,Giving some serious holiday outfit inspo with @Estera ☀️ #familyholiday #outfitinspo #fyp,03/05/2025,@Estera,"familyholiday, outfitinspo, fyp",21,4,313000,73,1796
61,Save these bikini fits for beach club inspo  #fyp #swimwear,03/05/2025,,"fyp, swimwear",10,0,3715,14,72
62,Outfits for every part of your holiday  #fyp #holidayoutfits,02/05/2025,,"fyp, holidayoutfits",33,10,1400000,162,1556
63,The coolest prints for him  #fyp #kidsclothing,02/05/2025,,"fyp, kidsclothing",4,0,2982,1,58
64,This is PERFECT  #fyp #springoutfit,02/05/2025,,"fyp, springoutfit",5,3,8564,5,103
65,5 easy ways to style your wide leg trousers this summer  #fyp #summeroutfits,01/05/2025,,"fyp, summeroutfits",21,14,417900,129,612
66,The cutest fruit print styles for summer  #fyp #kidsclothing,01/05/2025,,"fyp, kidsclothing",2,1,2447,3,46
67,Save for holiday outfit inspo  #fyp #holidayoutfits,01/05/2025,,"fyp, holidayoutfits",11,1,330500,35,273
68,The temptation is REAL  #fyp #officehumour,30/04/2025,,"fyp, officehumour",3,1,3332,3,70
69,Cuteness overload  #fyp #kidsclothing,30/04/2025,,"fyp, kidsclothing",4,0,2468,3,41
70,Giving us allll the how to lose a guy in 10 days vibes  #fyp #weddingguestoutfit,30/04/2025,,"fyp, weddingguestoutfit",189,10,2000000,316,3277
71,A work of ART  #fyp #balletflats,29/04/2025,,"fyp, balletflats",539,42,239000,316,2408
72,The cutest swimwear for the summer  #fyp #kidsclothing,29/04/2025,,"fyp, kidsclothing",1,0,3796,4,61
73,Help @Sofy Nicole Dobson choose a wedding guest outfit  #fyp #weddingguestoutfit,28/04/2025,@Sofy Nicole Dobson,"fyp, weddingguestoutfit",40,72,249300,119,902
74,Tag a Sabrina girl  #fyp #minidress,28/04/2025,,"fyp, minidress",532,120,740600,390,5859
75,Summer newness has landed  #fyp #newin,27/04/2025,,"fyp, newin",19,8,371300,70,379
76,Name us a better dinner than a picky tea… we’ll wait  #fyp #pickytea,26/04/2025,,"fyp, pickytea",13,1,145100,26,384
77,Dress them down with sandals or up with heels  #fyp #coord,26/04/2025,,"fyp, coord",86,12,856100,224,1125
78,Cannot choose between the two  #fyp #summerbag,26/04/2025,,"fyp, summerbag",14,11,6124,17,112
79,The print is everythingg  #fyp #crochet #crochetset,25/04/2025,,"fyp, crochet, crochetset",5,2,6445,11,82
80,Mo Gilligan everyone  #fyp #mensfashion,25/04/2025,,"fyp, mensfashion",399,28,130900,194,1503
81,The crochet detailing  #fyp #crochet #crochetdress,25/04/2025,,"fyp, crochet, crochetdress",1,4,3197,4,47
82,Ok this may be our new fav  #fyp #summerbag,24/04/2025,,"fyp, summerbag",221,14,16400,53,408
83,Shall we do a styling video?  #fyp #capris #capritrousers,24/04/2025,,"fyp, capris, capritrousers",4,5,4659,5,72
84,Which outfit is your fav? ✨ @Keelie  Outfits + Home   #fyp #springoutfit,23/04/2025,@Keelie  Outfits + Home,"fyp, springoutfit",5,9,4559,13,93
85,Perfect for a spring wedding  #fyp #weddingguestoutfit,22/04/2025,,"fyp, weddingguestoutfit",93,18,509400,152,797
86,Replying to @Ambergallagher94  Your wish is our command  #fyp #summerbag,21/04/2025,@Ambergallagher94,"fyp, summerbag",3,7,4095,9,71
87,This would be the perfect outfit for Wimbledon  #fyp #springoutfit,21/04/2025,,"fyp, springoutfit",115,18,496400,159,1936
88,The crochet coverup is everythingg  #fyp #holidayoutfits,21/04/2025,,"fyp, holidayoutfits",27,6,740600,160,1546
89,You HAVE to make this Easter chocolate bark  #fyp #easterdesserts,20/04/2025,,"fyp, easterdesserts",6,4,3307,9,64
90,The little frills  #fyp #coord,19/04/2025,,"fyp, coord",0,1,4687,0,53
91,Cannot WAIT to wear this  #fyp #crochet,19/04/2025,,"fyp, crochet",161,9,39100,98,453
92,SO many nice holiday outfits ✈️ #fyp #holidayoutfit,19/04/2025,,"fyp, holidayoutfit",15,4,334700,66,494
93,Stripes are our go-to this spring  #fyp #stripes,18/04/2025,,"fyp, stripes",62,15,678300,107,1087
94,There’s NO way   #fyp #highlandcow,18/04/2025,,"fyp, highlandcow",826,13,351800,125,2193
95,RUN don’t walk for this tee  #fyp #graphictee,18/04/2025,,"fyp, graphictee",88,13,420900,126,875
96,Who else is planning a picnic this weekend!? ✨ #fyp #picnic,17/04/2025,,"fyp, picnic",3,3,3024,6,70
97,Let's do some last minute holiday shopping together  @yazmoore  #fyp #newin,17/04/2025,@yazmoore,"fyp, newin",104,17,1100000,224,2420
98,Tag a bride to be that NEEDS this dress ‍♀️ @REBEKAH #fyp #2025bride,16/04/2025,@REBEKAH,"fyp, 2025bride",1244,84,72000,454,2005
99,The cutest little outfits for Easter  #fyp #kidseaster #easter,16/04/2025,,"fyp, kidseaster, easter",9,0,2801,4,37
100,The ruffles  #fyp #weddingguestoutfit,16/04/2025,,"fyp, weddingguestoutfit",55,21,209200,142,995
101,We didn't realise how much we'd reach for this denim trench  #fyp #trenchcoat,16/04/2025,,"fyp, trenchcoat",28,6,213600,44,342
102,Replying to @becky_figbeauty The perfect flats option for 2025 brides ✨ #fyp #2025bride,15/04/2025,@becky_figbeauty,"fyp, 2025bride",363,17,96200,154,882
103,Which dress is your fav? ✨ #fyp #summerdress,15/04/2025,,"fyp, summerdress",15,4,98300,40,320
104,8 of our favourite finds this week ✨ #fyp #newin,15/04/2025,,"fyp, newin",19,5,957200,106,969
105,The perfect outfit inspo for your next city break ✈️ @WhatGGwears #fyp #citybreakoutfit,14/04/2025,@WhatGGwears,"fyp, citybreakoutfit",25,4,495700,106,1245
106,Best of both worlds  #fyp #coord,14/04/2025,,"fyp, coord",70,9,1500000,174,2848
107,The swimwear  #fyp #holidayoutfits,13/04/2025,,"fyp, holidayoutfits",2,1,10800,8,108
108,The countdown is on…  #fyp #easter,13/04/2025,,"fyp, easter",0,4,3189,4,67
109,The perfect throw on dress for the summer  #fyp #summerdress,12/04/2025,,"fyp, summerdress",35,0,999300,80,584
110,This has euro summer written alllll over it  #fyp #graphictee,12/04/2025,,"fyp, graphictee",27,4,20500,27,234
111,This colourway  #fyp #gymset,12/04/2025,,"fyp, gymset",235,27,2800000,564,7631
112,Time for the first bbq of the year? We think so  ✨ #fyp #picnicware,11/04/2025,,"fyp, picnicware",20,12,11800,16,166
113,They're viral for a reason  @Sofy Nicole Dobson #fyp #hourglassjeans,11/04/2025,@Sofy Nicole Dobson,"fyp, hourglassjeans",187,23,881600,366,1901
114,The colour won us over on this one  #fyp #weddingguestoutfit,11/04/2025,,"fyp, weddingguestoutfit",245,30,2500000,340,3637
115,It’s like a reward  #fyp #shopping,10/04/2025,,"fyp, shopping",6,3,8730,7,126
116,4 wedding guest outfits to save for spring ✨ #fyp #weddingguest #weddingoutfit,10/04/2025,,"fyp, weddingguest, weddingoutfit",2,9,15100,5,79
117,Shall we do a try-on? ☀️ #fyp #summeroutfit,10/04/2025,,"fyp, summeroutfit",5,6,38500,4,123
118,And it’s £24  #fyp #graphictee,09/04/2025,,"fyp, graphictee",305,32,47800,238,1218
119,Bikini game is STRONG  #fyp #holidaypacking,09/04/2025,,"fyp, holidaypacking",4,2,18400,7,93
120,Tag a bride going on her hen do this year  #fyp #2025bride,09/04/2025,,"fyp, 2025bride",155,8,1500000,265,2549
121,The way we RAN for this one  #fyp #summerbag,08/04/2025,,"fyp, summerbag",520,36,40200,166,1228
122,3 ways to tie your square scarf this spring  #fyp #neckscarf,08/04/2025,,"fyp, neckscarf",27,3,113100,180,840
123,Wish we knew this trainer hack sooner  #fyp #trainerhack,08/04/2025,,"fyp, trainerhack",51,1,9929,44,125
124,We’re SOLD   #fyp #coord,07/04/2025,,"fyp, coord",58,7,976500,90,971
125,Our fav shoes for spring #fyp #springfashion,07/04/2025,,"fyp, springfashion",39,11,639400,95,875
126,True story  #fyp #beachbag,06/04/2025,,"fyp, beachbag",8,0,7450,7,86
127,This has got us SO excited for summer  #fyp #newin,06/04/2025,,"fyp, newin",13,3,91300,58,457
128,Tag a 2025 bride that needs these  #fyp #2025bride,05/04/2025,,"fyp, 2025bride",2624,113,204600,921,3814
129,The back of this  #fyp #weddingguestoutfit,05/04/2025,,"fyp, weddingguestoutfit",147,24,1800000,284,2463
130,The perfect neutral shade ‍ #fyp #heels,04/04/2025,,"fyp, heels",8,5,68500,9,189
131,Yes...they are pyjamas and no we can't believe it either  #fyp #coord,04/04/2025,,"fyp, coord",58,11,329600,90,666
132,When the whole fam get the spring memo  @Sinead Crowe #springoutfits #familyfits #fyp,04/04/2025,@Sinead Crowe,"springoutfits, familyfits, fyp",3,2,26000,26,376
133,The shape of this is SO flattering  #fyp #summerdress,03/04/2025,,"fyp, summerdress",35,8,167600,97,975
134,Here's what's new for spring...@kierah #tryonhaul,03/04/2025,@kierah,tryonhaul,7,9,359600,59,625
135,Let's see what's new in this week  @yazmoore #fyp #newin,03/04/2025,@yazmoore,"fyp, newin",94,27,1400000,297,3303
136,Rochelle answers our quickfire questions  #fyp #quickfirequestions,02/04/2025,,"fyp, quickfirequestions",1,1,2775,1,45
137,Who said boys clothing had to be boring  @Chloé | Mama to Ellis  #nexttoddlerclothes #boysclothes #fyp,02/04/2025,@Chloé | Mama to Ellis,"nexttoddlerclothes, boysclothes, fyp",193,39,100900,165,1726
138,4 ways to style the colour of the season  #fyp #butteryellow,01/04/2025,,"fyp, butteryellow",80,11,1300000,226,1781
139,4 ways to style loafers for spring  @Tunde Ogunsina #fyp #loafers,01/04/2025,@Tunde Ogunsina,"fyp, loafers",150,18,2300000,253,2192
140,"Live, laugh, love Hamish ❤️",01/04/2025,,,738,23,71400,91,1821
141,Tag someone who’d love these  #fyp #brightdecor,01/04/2025,,"fyp, brightdecor",163,18,384100,191,2323
142,Save for workwear outfit inspo  @BobbyFits #fyp #mensofficeoutfit,31/03/2025,@BobbyFits,"fyp, mensofficeoutfit",80,9,2900000,247,1283
143,We cannot get enough for summer  #fyp #crochet,31/03/2025,,"fyp, crochet",96,31,678200,150,1807
144,Their little outfits  #fyp #familyfashion,30/03/2025,,"fyp, familyfashion",74,15,666800,220,10600
145,Which outfit would you go for!? #fyp #tryon,29/03/2025,,"fyp, tryon",43,5,1300000,192,2143
146,We’ll take them all pls n thanks x #fyp #summerbag,29/03/2025,,"fyp, summerbag",120,5,737200,231,1610
147,For the cool girls  #fyp #cowprint,28/03/2025,,"fyp, cowprint",24,3,38200,19,201
148,Easter decor is kind of our thing  #fyp #easterdecor,28/03/2025,,"fyp, easterdecor",20,5,325700,39,735
149,Never crabby wearing this tee  #fyp #embellishedtee,28/03/2025,,"fyp, embellishedtee",6,3,5684,8,93
150,Let's shop new in home decor ✨ #fyp #homedecor,28/03/2025,,"fyp, homedecor",1,3,9066,10,86
151,SO chic… we’re ✨obsessed✨ #fyp #springshoes,27/03/2025,,"fyp, springshoes",26,10,239800,29,272
152,Save this for your summer holiday  #fyp #swimwear,27/03/2025,,"fyp, swimwear",115,20,665900,176,2892
153,The perfect jacket for spring  #fyp #workerjacket,27/03/2025,,"fyp, workerjacket",70,2,515300,135,981
154,Our girl math is in FULL swing  #fyp #accessories,26/03/2025,,"fyp, accessories",4,0,2376,5,49
155,Your sign to treat them this Mother’s Day  #fyp #mothersdaygift,26/03/2025,,"fyp, mothersdaygift",7,6,4107,15,70
156,This weeks top pick… Obsessed  #fyp #graphictee,25/03/2025,,"fyp, graphictee",45,16,196200,51,588
157,Linen all summer long >>>>  #fyp #linen,25/03/2025,,"fyp, linen",7,3,46900,12,133
158,Our wardrobe is 90% yellow at this point  #fyp #yellow,25/03/2025,,"fyp, yellow",3,2,4262,3,51
159,LIVING in these all spring/summer  #fyp #flipflops,24/03/2025,,"fyp, flipflops",617,41,855300,930,9620
160,The PERFECT blazer for spring  #fyp #yellowblazer,24/03/2025,,"fyp, yellowblazer",7,3,9529,16,107
161,The gilet and dress  ✨ #fyp #kidsoutfit,24/03/2025,,"fyp, kidsoutfit",5,2,4295,4,67
162,The cutest gift ideas for Mother’s Day  #fyp #mothersdaygifts,23/03/2025,,"fyp, mothersdaygifts",1,0,5743,7,49
163,How cute is this Easter decor  #fyp #easter #easterdecor,23/03/2025,,"fyp, easter, easterdecor",9,3,229000,30,388
164,This fit  sitting in the sun with a cocktail in hand…  #fyp #linencoord,23/03/2025,,"fyp, linencoord",209,14,1300000,436,2122
165,We need it ALL who can relate? #fyp #newin,22/03/2025,,"fyp, newin",20,2,14400,6,162
166,That first day of sale feeling  Sale now on online and in-store #fyp #sale,22/03/2025,,"fyp, sale",15,3,8024,4,137
167,We’re ready… are you? Sale starts online and in-store tomorrow  #fyp #sale #retailworker #retailproblems,21/03/2025,,"fyp, sale, retailworker, retailproblems",150,4,23600,23,589
168,One day closer to that girls holiday  #fyp #airportoutfit,21/03/2025,,"fyp, airportoutfit",804,45,1500000,596,3943
169,Ok but the starfish earrings !??  #fyp #accessories,21/03/2025,,"fyp, accessories",4,2,16700,13,117
170,These are the prints to watch out for this season  #fyp #newin,21/03/2025,,"fyp, newin",53,17,654600,92,1173
171,Why else do you think we have @Costa Coffee in our stores ?? ☕️ #fyp #teatime,20/03/2025,@Costa Coffee,"fyp, teatime",16,0,7929,3,99
172,Obsessed with anything yellow for spring  #fyp #yellow,20/03/2025,,"fyp, yellow",1371,71,4100000,1387,31600
173,We can’t get enough  #fyp #cowprint,20/03/2025,,"fyp, cowprint",41,5,585400,55,832
174,Who else is ready for 2025 wedding season?   #fyp #weddingguestdress,19/03/2025,,"fyp, weddingguestdress",19,9,556100,78,771
175,Giving us all the how to lose a guy in 10 days vibes   #fyp #butteryellow,19/03/2025,,"fyp, butteryellow",48,5,26400,80,235
176,This weeks pick of the week  #fyp #denimtrench,19/03/2025,,"fyp, denimtrench",1,2,4323,7,37
177,SO happy they’re back  #fyp #whitejeans,18/03/2025,,"fyp, whitejeans",2,1,2680,2,35
178,Everyone’s talking about green suede jackets this spring… #fyp #suede,18/03/2025,,"fyp, suede",288,13,1000000,504,3215
179,It’s like a reward  #fyp #retailhumor,18/03/2025,,"fyp, retailhumor",17,3,15200,6,196
180,Gift ideas for her this Mother’s Day  #fyp #mothersday,17/03/2025,,"fyp, mothersday",3,1,3505,2,25
181,Replying to @user7729002129479  Boy mums… we could never forget about you,17/03/2025,@user7729002129479,,269,17,161200,93,2200
182,How perfect is this for the airport   #fyp #airportoutfit,16/03/2025,,"fyp, airportoutfit",321,10,170600,140,923
183,Come with us to see what’s new in for spring ☺️✨ #fyp #newin,16/03/2025,,"fyp, newin",117,19,288300,148,1226
184,NO WORDS  #fyp #shellbag,16/03/2025,,"fyp, shellbag",3,3,4992,9,72
185,Story of our lives  #fyp #retailhumour,15/03/2025,,"fyp, retailhumour",6,1,4676,4,82
186,A dreamy combo  #fyp #swimwear,15/03/2025,,"fyp, swimwear",3,2,25600,6,118
187,Denim shirt obsessed  #fyp #denimshirt,14/03/2025,,"fyp, denimshirt",9,3,207300,22,212
188,The vibe is boho chic  ✨ #fyp #boho #bohochic,14/03/2025,,"fyp, boho, bohochic",245,45,1000000,509,2388
189,Obsessed with this colour  #fyp #jacket,14/03/2025,,"fyp, jacket",239,16,759800,279,1915
190,Save this outfit for summer  #fyp #summeroutfitinspo,13/03/2025,,"fyp, summeroutfitinspo",46,12,462200,159,931
191,The spicy Marg tee  ️ #fyp #graphictee,13/03/2025,,"fyp, graphictee",8,4,258300,38,566
192,Can’t believe it’s £20  #fyp #graphictee,12/03/2025,,"fyp, graphictee",12,7,10700,14,122
193,Just dreamyyyy ✨ #fyp #buttermilkyellow,12/03/2025,,"fyp, buttermilkyellow",174,7,1900000,310,4493
194,Brb obsessing over this denim trench  #fyp #trenchcoat,12/03/2025,,"fyp, trenchcoat",5,3,38900,6,79
195,Which one is your fav? ✨ #fyp #newin,11/03/2025,,"fyp, newin",3,1,10800,10,93
196,Polka dots are back  ✨ #fyp #polkadot,11/03/2025,,"fyp, polkadot",27,2,337700,40,364
197,@Lipsy London take a bow  #fyp #butteryellow #trending #bridalwear #pjs #pyjama,10/03/2025,@Lipsy London,"fyp, butteryellow, trending, bridalwear, pjs, pyjama",855,25,3600000,1321,14700
198,The difference in wearing vs styling  @Juna #fyp #wearingvsstyling,10/03/2025,@Juna,"fyp, wearingvsstyling",38,15,1500000,154,2569
199,This weeks pick of the week… #fyp #newin,10/03/2025,,"fyp, newin",40,3,397900,55,425
200,The little ones in yellow for spring  #fyp #kidsspring,09/03/2025,,"fyp, kidsspring",1777,60,496100,762,15800
201,Outfits of the week with @Estera  #fyp #kidsootd #ootd,09/03/2025,@Estera,"fyp, kidsootd, ootd",1314,216,1700000,1792,54800
202,Spectacular give us 14 of em right now  #fyp #boatshoes,09/03/2025,,"fyp, boatshoes",4,1,2966,5,30
203,Was not expecting to find this today  #fyp #graphictee,08/03/2025,,"fyp, graphictee",22,8,208700,67,367
204,So flattering   #fyp #leopardprint,08/03/2025,,"fyp, leopardprint",136,5,790400,169,1357
205,It’s even dreamier in real life  #fyp #polkadot,08/03/2025,,"fyp, polkadot",23,3,398300,41,335
206,Our top picks for swim season  #fyp #swimwear,07/03/2025,,"fyp, swimwear",33,13,134800,102,692
207,She’s so pretty  ✨ #fyp #handbag,07/03/2025,,"fyp, handbag",58,1,17500,51,266
208,Did we make the right choice!??  #fyp #menssuit,07/03/2025,,"fyp, menssuit",25,4,435100,42,491
209,"She is the ✨moment✨ and you NEED her
#fyp #2025brides #weddingdress #weddinginspo",07/03/2025,,"fyp, 2025brides, weddingdress, weddinginspo",7,1,49700,6,90
210,They’re back ready for for summer  #fyp #stripetrousers,06/03/2025,,"fyp, stripetrousers",603,47,138900,429,3270
211,What to wear when you don't know what to wear to the office  @Omer elsarrag #fyp #mensfashion,06/03/2025,@Omer elsarrag,"fyp, mensfashion",20,2,384100,12,346
212,We’re so excited for this one  #fyp #bohochic,05/03/2025,,"fyp, bohochic",60,31,773800,150,2049
213,Which dress is your fav?  #fyp #dress,05/03/2025,,"fyp, dress",3,4,18000,15,117
214,Charm bags are quickly becoming our latest obsession ✨ #fyp #charmbag,05/03/2025,,"fyp, charmbag",0,2,2763,8,26
215,You NEED to try pancake sushi  inspo @Jessica Jepson  #fyp #pancakeday,04/03/2025,@Jessica Jepson,"fyp, pancakeday",1360,9,306900,857,3968
216,Sweatshirt goals   #fyp #tryon,04/03/2025,,"fyp, tryon",0,2,3989,7,57
217,This has summer written all over it  #fyp #linenset,04/03/2025,,"fyp, linenset",49,7,307600,97,432
218,Back in our pink era ✨ #fyp #pink,03/03/2025,,"fyp, pink",123,10,872300,343,15000
219,What’s on the teams payday wishlist this month… #fyp #paydaywishlist,03/03/2025,,"fyp, paydaywishlist",4,3,5952,6,115
220,Come shop new in with us ️✨ #fyp #newin,02/03/2025,,"fyp, newin",96,24,2000000,314,3424
221,Was it worth the journey!? #fyp #quiltedjacket,02/03/2025,,"fyp, quiltedjacket",38,10,34600,29,275
222,This colour palette  #fyp #homedecor,02/03/2025,,"fyp, homedecor",71,10,1100000,139,2166
223,The print everyone’s talking about… #fyp #gingham,28/02/2025,,"fyp, gingham",62,10,23600,59,548
224,The CUTEST mini me outfits  @Aliyah & Anastacia #fyp #minime #matchingoutfits #mumanddaughter,28/02/2025,@Aliyah & Anastacia,"fyp, minime, matchingoutfits, mumanddaughter",5,6,80700,36,743
225,Can’t believe this just happened  #fyp #newshoes,28/02/2025,,"fyp, newshoes",2,2,16600,3,64
226,A girl can dream  #fyp #thisanda,27/02/2025,,"fyp, thisanda",482,17,1000000,165,6454
227,Let’s find Jade some new swimwear for her hols… #fyp #swimwear,27/02/2025,,"fyp, swimwear",22,1,666900,56,1646
228,Is this the right time to tell you we now stock @TALA?  #fyp #tala,27/02/2025,@TALA,"fyp, tala",27,1,8288,6,169
229,The difference  #fyp #settingpowder,26/02/2025,,"fyp, settingpowder",5,2,3307,5,34
230,Online vs on @GRACE CHARLES STYLE  #fyp #onlinevsonme,26/02/2025,@GRACE CHARLES STYLE,"fyp, onlinevsonme",5,4,8083,7,95
231,Ok we might be berry obsessed after this  #fyp #kidsclothing,25/02/2025,,"fyp, kidsclothing",44,7,20700,19,161
232,Which outfit should @ameenaroshae choose? ✨ #fyp #eidoutfits,25/02/2025,@ameenaroshae,"fyp, eidoutfits",2052,471,4300000,1058,10700
233,Double denim is always a YAY for us  #fyp #doubledenim,25/02/2025,,"fyp, doubledenim",2,3,107200,11,232
234,What else do you want to see us try on?  #fyp #hangervsme,24/02/2025,,"fyp, hangervsme",13,7,133300,76,547
235,The ultimate Eid outfit inspo ✨ @jasminxomar #fyp #eidoutfits #eidoutfitideas,24/02/2025,@jasminxomar,"fyp, eidoutfits, eidoutfitideas",245,50,2900000,324,2814
236,Everyone’s happy place  #fyp #homedecor,24/02/2025,,"fyp, homedecor",67,9,439200,128,1860
237,Need all of these for summer  #fyp #graphictees,23/02/2025,,"fyp, graphictees",156,11,155600,121,835
238,It can’t just be us  #fyp #boatshoes,23/02/2025,,"fyp, boatshoes",10,2,21800,14,75
239,This colourway  #fyp #activewear,22/02/2025,,"fyp, activewear",1,3,2784,5,60
240,That’s better ☕️ #fyp #trendingaudio,22/02/2025,,"fyp, trendingaudio",54,8,2000000,164,2677
241,Which outfit is your fav?  #fyp #newin,21/02/2025,,"fyp, newin",1,0,13200,3,98
242,Just two shopping obsessed besties ️ ✨ #fyp #homedecor,21/02/2025,,"fyp, homedecor",711,26,2100000,228,6142
243,Tag a friend who'd love this dress  #fyp #satindress,20/02/2025,,"fyp, satindress",59,5,528200,124,921
244,And it’s reversible  #fyp #quiltedjacket,20/02/2025,,"fyp, quiltedjacket",159,59,1100000,227,2305
245,The perfect spring jackets for him  #fyp #jackets,19/02/2025,,"fyp, jackets",0,0,3253,1,40
246,Gifts to spoil her this Mother’s Day  ✨ #fyp #mothersday #mothersdaygifts,19/02/2025,,"fyp, mothersday, mothersdaygifts",124,8,805000,172,2341
247,NEW IN from our favourite highland cow   #fyp #highlandcow,19/02/2025,,"fyp, highlandcow",1635,25,78300,375,3847
248,Ok we’re solddd  #fyp #cowprint,18/02/2025,,"fyp, cowprint",30,2,20200,3,105
249,Come with us to shop for some last minute holiday essentials #fyp #wintersun,18/02/2025,,"fyp, wintersun",30,6,862200,150,2341
250,3 transitional jackets perfect for spring ✨ #fyp #springfashion,18/02/2025,,"fyp, springfashion",19,4,949200,73,1314
251,That was all the convincing we needed x #fyp #pyjamas,17/02/2025,,"fyp, pyjamas",36,0,32800,58,1065
252,This is our happy place   #fyp #springdecor,17/02/2025,,"fyp, springdecor",139,5,1700000,236,3544
253,She’s PERFECT   #fyp #cowprint,16/02/2025,,"fyp, cowprint",88,11,1700000,129,1735
254,New in this week… #fyp #newin #shopwithme,16/02/2025,,"fyp, newin, shopwithme",268,27,4200000,675,8453
255,This is not a drill… gingham is back #fyp #gingham #shopwithme,15/02/2025,,"fyp, gingham, shopwithme",240,22,252900,264,2874
256,New in for spring ✨ #fyp #newin #shopwithme,15/02/2025,,"fyp, newin, shopwithme",240,60,3900000,480,5137
257,If you see us in this everyday… no you didn’t   #fyp #tracksuit,15/02/2025,,"fyp, tracksuit",162,10,2800000,403,4495
258,This is a bit of us  #fyp #springfashion,14/02/2025,,"fyp, springfashion",36,4,189300,25,399
259,LIVING for this combo  #fyp #suede,14/02/2025,,"fyp, suede",21,5,270100,35,267
260,Charm bag girlies unite  #fyp #charmbags,14/02/2025,,"fyp, charmbags",6,1,2435,1,23
261,RUN to get these lego flowers ‍♀️ #fyp #legoflowers,13/02/2025,,"fyp, legoflowers",8,1,6353,3,58
262,The orange dress needs it's own moment  #fyp #outfitinspo,13/02/2025,,"fyp, outfitinspo",41,9,1300000,165,3295
263,Outfit inspo for your vday plans… #fyp #valentinesday,13/02/2025,,"fyp, valentinesday",0,0,2423,4,33
264,SO cute for summer  #fyp #springfashion,12/02/2025,,"fyp, springfashion",2,3,1826,5,16
265,New in homeware unboxing  #fyp #homeunboxing #homehaul,11/02/2025,,"fyp, homeunboxing, homehaul",68,11,1400000,154,1798
266,On this weeks mannequin… #fyp #tryon,11/02/2025,,"fyp, tryon",6,3,5709,8,94
267,Trying on the teams top picks… #fyp #newin,11/02/2025,,"fyp, newin",20,10,383000,78,1285
268,Is cow print taking over!? #fyp #cowprint,10/02/2025,,"fyp, cowprint",756,189,2300000,637,9808
269,The stripe obsession continues  #fyp #stripes #stripetop,10/02/2025,,"fyp, stripes, stripetop",3,2,14700,10,75
270,Mum and me date days are the best kind  @Aliyah & Anastacia #fyp #minime,10/02/2025,@Aliyah & Anastacia,"fyp, minime",321,70,3700000,958,27900
271,Save for date night outfit inspo  #fyp #menswear #mensfashion,09/02/2025,,"fyp, menswear, mensfashion",38,7,676700,96,1297
272,Just adorable    #fyp #kidsclothing,08/02/2025,,"fyp, kidsclothing",5,0,17400,12,79
273,If you see us RUNNING… no you don’t ‍♀️ #fyp #newin,08/02/2025,,"fyp, newin",145,8,291100,130,973
274,Valentine’s day gifts for him  #fyp #valentinesday #giftsforhim,08/02/2025,,"fyp, valentinesday, giftsforhim",1,0,5959,6,84
275,So many ways to style  #fyp #graphictee,07/02/2025,,"fyp, graphictee",481,15,1100000,597,2838
276,Is there anything better than new dinnerware!??  #fyp #dinnerplates,07/02/2025,,"fyp, dinnerplates",195,35,1800000,397,5415
277,Name something better that staying in… we’ll wait ☕ @Dominique,07/02/2025,@Dominique,,877,44,2200000,601,12400
278,Anyone got a number for a black cab ?? #fyp #theapprentice,06/02/2025,,"fyp, theapprentice",0,1,2608,3,51
279,Tag a bestie you’d make this vday basket for  #fyp #valentinesgift,06/02/2025,,"fyp, valentinesgift",7,1,3723,6,63
280,The perfect shade of pink   #fyp #wednesdayswewearpink,06/02/2025,,"fyp, wednesdayswewearpink",4,6,3530,8,83
281,Need it all  #fyp #athleisure,05/02/2025,,"fyp, athleisure",644,41,2400000,826,11000
282,Instantly sold   #fyp #leopardprint,05/02/2025,,"fyp, leopardprint",168,19,493100,122,1311
283,Our favourite hobby tbh  #fyp #valentines #valentinespjs,05/02/2025,,"fyp, valentines, valentinespjs",1,2,9538,5,102
284,You’ll never catch us saying no to this…@Juna #fyp #athleisure,04/02/2025,@Juna,"fyp, athleisure",116,17,1900000,234,5658
285,We can't stop with the bright knits  #fyp #knitwear,04/02/2025,,"fyp, knitwear",30,15,559700,89,783
286,Officially in our boho era  #fyp #boho,04/02/2025,,"fyp, boho",8,4,126900,46,366
287,Us  living in comfy lounge sets #fyp #self #loungewear,03/02/2025,,"fyp, self, loungewear",23,5,802600,84,1288
288,Life without a trending audio  @Estera #fyp #trendingaudio,03/02/2025,@Estera,"fyp, trendingaudio",3,3,2397,5,83
289,A leopard trench!? Sign us up,02/02/2025,,,15,3,20000,8,102
290,Saving the first set for pilates  @GRACE CHARLES STYLE #fyp #nextwomens,02/02/2025,@GRACE CHARLES STYLE,"fyp, nextwomens",18,0,225400,37,759
291,Ok denim dress we see you  #fyp #denimdress,02/02/2025,,"fyp, denimdress",238,21,1300000,307,2373
292,Tag someone who needs a vday basket  #fyp #valentinesgift,01/02/2025,,"fyp, valentinesgift",33,5,114700,19,399
293,Your sign to refresh your workwear wardrobe  ✨ #fyp #workwear,01/02/2025,,"fyp, workwear",35,10,1000000,122,1373
294,RUN to find this cardigan   #fyp #cherries,31/01/2025,,"fyp, cherries",569,31,75700,99,955
295,We were not expecting this…#fyp #datenightoutfit,30/01/2025,,"fyp, datenightoutfit",287,120,5200000,752,14800
296,The blue and yellow  #fyp #knitwear,30/01/2025,,"fyp, knitwear",2,4,3808,4,48
297,1 office outfit on 3 beautiful sizes  @The Styling Three #fyp #bodydiversity,30/01/2025,@The Styling Three,"fyp, bodydiversity",72,36,1100000,250,3078
298,Molly wore stripes so now we wear stripes x #fyp #stripes,29/01/2025,,"fyp, stripes",126,21,799700,138,3532
299,A week in outfits ✌️ #fyp #weekinoutfits,29/01/2025,,"fyp, weekinoutfits",3,2,3561,11,67
300,FOUND HER   #fyp #denimjacket,28/01/2025,,"fyp, denimjacket",72,16,871500,101,1497
301,Prepare for cuteness   #fyp #kidsoutfits,28/01/2025,,"fyp, kidsoutfits",6,1,3219,1,60
302,This colour  #fyp #mididress,28/01/2025,,"fyp, mididress",5,7,3610,5,52
303,It’s almost that time… ☀️ #fyp #swimwear,27/01/2025,,"fyp, swimwear",3,3,26200,4,64
304,We’re still not over it   #fyp #fishermanaesthetic,27/01/2025,,"fyp, fishermanaesthetic",210,57,1800000,371,6316
305,Boys will never understand ‍♀️#fyp #pilates #coffeerun #pilatesoutfit #girlythings,26/01/2025,,"fyp, pilates, coffeerun, pilatesoutfit, girlythings",1,1,2799,2,64
306,It’s SO soft  #fyp #coord,26/01/2025,,"fyp, coord",0,0,7700,4,49
307,"Save for some Valentine’s Day inspo  recipe below  
Crushed ice 
1 shot Vodka
Half glass of cranberry juice
Top up with tonic water 
Drizzle of agave or honey 
Strawberry cut in half for garnish ❤️",25/01/2025,,,4,3,4910,6,70
308,*Adds trip to Next to weekend plans*  @Naomi Victoria | Lifestyle ☃️,25/01/2025,,,1513,47,1500000,808,13900
309,The ultimate galentine gifts   #fyp #galentines #galentinegifts,25/01/2025,,"fyp, galentines, galentinegifts",25,4,276800,37,656
310,It’s like a reward  ✌️ #fyp #relatable,24/01/2025,,"fyp, relatable",2,2,4064,2,61
311,Just ✨ girlie things ✨ #fyp #vanillagirl,24/01/2025,,"fyp, vanillagirl",33,17,854300,165,3144
312,"Easy outfits for your workwear wardrobe  #fyp #workwear #officeoutfits 

Office outfits
Workwear
Office outfit inspo
Outfit Inspo
Gen z office outfits
Work outfit inspo
Officewear",23/01/2025,,"fyp, workwear, officeoutfits",41,8,1200000,338,1279
313,Might be the cutest thing you see all week   #fyp #minivalentines #kidsvalentines,23/01/2025,,"fyp, minivalentines, kidsvalentines",2,1,2655,6,56
314,The ultimate spicy marg tee ️ #fyp #graphictee,22/01/2025,,"fyp, graphictee",30,8,21300,19,140
315,Gingham is back  #fyp #ootd,22/01/2025,,"fyp, ootd",66,11,894400,132,1050
316,"The ultimate scarf hack to save for cold winter days #scarfhack #fyp 

Scarf hood 
Scarf hack 
OOTD 
Scarf style 
Fashion hack",22/01/2025,,"scarfhack, fyp",167,14,1600000,1221,4069
317,The brighter the better  #fyp #knitwear,21/01/2025,,"fyp, knitwear",56,5,1100000,206,2017
318,Colour trends to look out for this season  #fyp #colourtrends,21/01/2025,,"fyp, colourtrends",39,4,1000000,129,2663
319,New denim is ALWAYS a good idea  #fyp #denim #denimjacket,21/01/2025,,"fyp, denim, denimjacket",2,5,11100,1,68
320,Tag someone who needs this  #fyp #cherry,20/01/2025,,"fyp, cherry",201,25,1200000,198,4942
321,How do you save the day? #fyp #bluemonday,20/01/2025,,"fyp, bluemonday",0,0,1965,2,29
322,This is your sign to host galentine’s  @Jessica Jepson #fyp #galentinesday #galentines #galentinesideas,19/01/2025,@Jessica Jepson,"fyp, galentinesday, galentines, galentinesideas",751,74,1300000,867,7973
323,We’re officially entering trench coach szn  #fyp #trenchcoat,18/01/2025,,"fyp, trenchcoat",22,5,517500,88,942
324,Not the response we were expecting...#fyp #ootd,18/01/2025,,"fyp, ootd",182,28,2800000,571,10300
325,"Beauty ins and outs for 2025, what’s yours?  #insandouts #beautytok",17/01/2025,,"insandouts, beautytok",1,0,2623,4,28
326,The trench is everything #fyp #trenchcoat,17/01/2025,,"fyp, trenchcoat",5,0,5986,5,86
327,A moment for the jacket pls   #fyp #activewear,17/01/2025,,"fyp, activewear",323,30,2900000,1148,9751
328,"Save for office outfit inspo  #fyp #officeoutfitinspo #officeoutfit #officeootd 

Workwear
Work outfit
Office outfit
Office outfit inspo
Office outfit ideas
What to wear to office
Office outfit gen z 
What to wear to work",17/01/2025,,"fyp, officeoutfitinspo, officeoutfit, officeootd",3,2,51000,9,122
329,The girls that get it get it  #fyp #75hard,16/01/2025,,"fyp, 75hard",5,1,2749,1,70
330,"New in try-on haul  @Ellie Finnis #fyp #newin #tryonhaul #haul 

   
 
     
 
 

New in haul
Try on haul
Haul
Fashion haul
Try on
Next haul
Clothing try on
Jeans try on
Leopard print",16/01/2025,@Ellie Finnis,"fyp, newin, tryonhaul, haul",168,15,1300000,330,3587
331,We’re sat… #fyp #mollymae,16/01/2025,,"fyp, mollymae",30,10,6194,7,156
332,Don’t sleep on silver trainers this year  #fyp #silvertrainers #adidas,15/01/2025,,"fyp, silvertrainers, adidas",1,1,3104,10,43
333,"The teams 2025 fashion trend predictions #fyp #trendpredictions #fashionpredictions 

Fashion trends
Fashion trends 2025
Trend predictions
Fashion trend predictions
Trends
2025 trends
Trends for 2025",15/01/2025,,"fyp, trendpredictions, fashionpredictions",15,4,425800,60,1206
334,"We can’t be the only ones cherry OBSESSED ✨ #cherry #cherries 

Cherry 
Cherries
Cherry home decor 
Cherry jumper 
Cherry pyjamas 
Cherry bedding",14/01/2025,,"cherry, cherries",391,27,461700,211,1907
335,RUN to find these Valentine’s Day pyjamas  #fyp #valentinesday #vdaypyjamas,14/01/2025,,"fyp, valentinesday, vdaypyjamas",776,18,1300000,524,6536
336,What Joella wore to the office this week… #fyp #officeoutfitinspo #winteroutfit,14/01/2025,,"fyp, officeoutfitinspo, winteroutfit",1,0,27100,10,118
337,We can’t be the only ones… #fyp #coldweather,14/01/2025,,"fyp, coldweather",41,15,724200,81,1145
338,How adorable are these!?  #fyp #kidsclothing,13/01/2025,,"fyp, kidsclothing",0,5,2277,4,46
339,The answer should always be yes  #fyp #babypink #pinkaesthetic,13/01/2025,,"fyp, babypink, pinkaesthetic",90,12,439600,243,1817
340,New in this week  #fyp #newin,12/01/2025,,"fyp, newin",70,18,1300000,243,2127
341,Cosy vibes only this month ✌️ #fyp #coldweather,12/01/2025,,"fyp, coldweather",1,1,98300,16,280
342,Trench goals  #fyp #trenchcoat,12/01/2025,,"fyp, trenchcoat",236,25,2200000,368,6493
343,The laces combo  #fyp #sneakers #sneakerhead,11/01/2025,,"fyp, sneakers, sneakerhead",138,15,391800,112,968
344,Trending now: bright knitwear  #fyp #knitwear,11/01/2025,,"fyp, knitwear",18,7,32400,9,158
345,The CUTEST decor for spring  #fyp #springdecor,10/01/2025,,"fyp, springdecor",5,0,5751,4,73
346,Linda  GCSE drama  #fyp #thetraitors #traitorsuk,10/01/2025,,"fyp, thetraitors, traitorsuk",2675,143,120900,718,18700
347,A good blazer is everything  #fyp #blazer,10/01/2025,,"fyp, blazer",1,3,38200,10,156
348,Run before it sells out!!!  #fyp #cherries,09/01/2025,,"fyp, cherries",86,13,854100,91,2158
349,The fisherman aesthetic is about to become our new personality trait  #fyp #fishermanaesthetic,09/01/2025,,"fyp, fishermanaesthetic",162,50,307600,378,2551
350,Outfit inspo if you’re heading back to the office  #fyp #workoutfitinspo,08/01/2025,,"fyp, workoutfitinspo",233,47,2500000,537,5876
351,"January is for new loungewear, we don't make the rules ✌️ @GRACE CHARLES STYLE #fyp #loungewear",07/01/2025,@GRACE CHARLES STYLE,"fyp, loungewear",75,20,1600000,269,2961
352,Her style has us HOOKED  #fyp #thetraitors #traitorsuk,07/01/2025,,"fyp, thetraitors, traitorsuk",13,2,109400,20,460
353,"New in bits we’re loving atm  
#newin #fyp #outfitinspo",07/01/2025,,"newin, fyp, outfitinspo",10,8,155700,59,494
354,The teams 2025 wardrobe staples...#fyp #wardrobeessential,06/01/2025,,"fyp, wardrobeessential",45,5,1200000,170,2732
355,Some seriously good bits  #fyp #tryonhaul #haul,05/01/2025,,"fyp, tryonhaul, haul",97,27,1800000,383,4341
356,"This coat, coffee and yap > @WhatGGwears #fyp #fauxfur #fauxfurcoat",04/01/2025,@WhatGGwears,"fyp, fauxfur, fauxfurcoat",131,24,148300,210,6843
357,This is not a drill… #fyp #puffercoat,03/01/2025,,"fyp, puffercoat",84,19,2000000,174,2166
358,The multipurpose beauty products you need for 2025...✨ @Rasida #fyp #beautyessentials,02/01/2025,@Rasida,"fyp, beautyessentials",3,1,2664,5,68
359,The social teams 2025 ins and outs...#fyp #insandouts,01/01/2025,,"fyp, insandouts",4,3,5758,13,112
360,It’s been a year… #fyp #officehumour,31/12/2024,,"fyp, officehumour",8,4,3103,3,68
361,Twixmas at home ❤️@Matilda #fyp #twixmas #fyp,30/12/2024,@Matilda,"fyp, twixmas, fyp",4,0,2548,3,64
362,Whenever you’re ready… #fyp #officehumour,29/12/2024,,"fyp, officehumour",7,2,3325,6,62
363,The easiest outfit formula for NYE  #fyp #nyeoutfit,28/12/2024,,"fyp, nyeoutfit",0,0,4028,0,44
364,The Next Sale is now on online and in-store   #nextsale #fyp,27/12/2024,,"nextsale, fyp",4,13,546500,44,795
365,"Set your alarms if you're planning to shop in-store tomorrow! Sale continues online...

#fyp #nextsale #boxingday #sale",26/12/2024,,"fyp, nextsale, boxingday, sale",252,1,40300,28,816
366,We’ve got a sneaky feeling you’ll find that the Next Sale is online now,24/12/2024,,,5,0,5970,5,62
367,Two more sleeps… @Aliyah & Anastacia #christmas #christmaseve #santa #fyp,23/12/2024,@Aliyah & Anastacia,"christmas, christmaseve, santa, fyp",6,7,13600,14,461
368,The panic is REAL  #fyp #nyeoutfit,23/12/2024,,"fyp, nyeoutfit",2,2,8612,11,99
369,It’s the last store trip this year… #fyp #newin,22/12/2024,,"fyp, newin",16,9,201300,65,747
370,In your hosting era? Save for the perfect festive fancy fizz #prosecco #christmasdrinks #festivedrinks #cocktails,22/12/2024,,"prosecco, christmasdrinks, festivedrinks, cocktails",5,2,3895,8,61
371,3 ways to style a sequin skirt  @Juna #fyp #sequinskirt #sequinskirtstyling,21/12/2024,@Juna,"fyp, sequinskirt, sequinskirtstyling",36,15,860500,124,2047
372,Jeans and a nice top on 3 beautiful sizes  @The Styling Three #fyp #bodypostivity,21/12/2024,@The Styling Three,"fyp, bodypostivity",0,2,2537,3,45
373,Signing out  #fyp #outofoffice,20/12/2024,,"fyp, outofoffice",5,1,4031,3,67
374,Here's what's on the social teams Christmas wishlists...#fyp #xmaswishlist,20/12/2024,,"fyp, xmaswishlist",0,1,2652,1,35
375,This colour is EVERYTHING  #fyp #burgundy #burgundycoat,20/12/2024,,"fyp, burgundy, burgundycoat",386,58,3400000,626,7100
376,"If you're not a last minute shopper keep scrolling... #fyp #christmasgifts 

Christmas gifts
Gift ideas for her
Gift ideas
Gifts for her
Gifts for him
Gifts for mum
Gifts for dad
Gifts for brother 
Gifts for sister
Family gifts",19/12/2024,,"fyp, christmasgifts",0,7,2408,3,39
377,The easiest way to dress up an outfit  #fyp #embellishedjeans,19/12/2024,,"fyp, embellishedjeans",136,14,984100,248,4365
378,This co-ord  #fyp #nyeoutfit,19/12/2024,,"fyp, nyeoutfit",6,2,6957,6,60
379,The little bows  #fyp #bowpyjamas,18/12/2024,,"fyp, bowpyjamas",13,1,7406,12,102
380,Christmas gift ideas for your sister  #fyp #giftsforher #giftsforsister,18/12/2024,,"fyp, giftsforher, giftsforsister",14,3,11200,17,109
381,If you haven't sorted your NYE outfit yet... you're welcome  @islaapedleyy #fyp #nyeoutfit,18/12/2024,@islaapedleyy,"fyp, nyeoutfit",1,0,4142,10,45
382,Can the team guess the scents correctly? Let’s find out  #fyp #beautychallenge,17/12/2024,,"fyp, beautychallenge",1,3,4182,3,28
383,Just wait for the coat @Ellie Finnis #fyp #grwm,17/12/2024,@Ellie Finnis,"fyp, grwm",5,4,3274,5,49
384,We're a mix of 2 & 4  #fyp #christmasdayoutfit,17/12/2024,,"fyp, christmasdayoutfit",5,1,14200,6,50
385,These tips  party season dressing @Omer elsarrag #menssuit,16/12/2024,@Omer elsarrag,menssuit,4,3,5522,11,132
386,"Save these Christmas gift wrapping hacks for the big day ✨ @Jessica Jepson #fyp #christmasgiftwrap #giftwrapping #giftwraphacks #giftwrappinghacks 

Christmas gift wrapping
Christmas wrapping paper
Christmas gift wrap
Christmas wrapping hacks
Gift wrap hacks
Gift wrapping ideas",16/12/2024,@Jessica Jepson,"fyp, christmasgiftwrap, giftwrapping, giftwraphacks, giftwrappinghacks",11,6,7869,93,166
387,"Festive fits for all the fam @Leanne Chapman x 

#fyp #matchingpyjamas #christmas",15/12/2024,@Leanne Chapman x,"fyp, matchingpyjamas, christmas",32,58,58500,49,2670
388,Let's take a peek at what's new in this week  #fyp #newin,15/12/2024,,"fyp, newin",36,40,534600,221,2035
389,That one work bestie you can always rely on  #fyp #workbestie #workhumour,15/12/2024,,"fyp, workbestie, workhumour",1,2,4225,1,66
390,Quick and affordable friendsmas gift idea  #fyp #giftsforher #giftsforfriends,14/12/2024,,"fyp, giftsforher, giftsforfriends",2,0,2872,6,55
391,Gift ideas for him  #fyp #giftsforhim,14/12/2024,,"fyp, giftsforhim",0,0,4952,7,65
392,Run don’t walk ❄️ #fyp #kidschristmas,14/12/2024,,"fyp, kidschristmas",0,1,2046,1,25
393,"What to wear on Christmas Day this year...#fyp #xmasdayoutfit #christmasdayoutfits 

Christmas Day Outfit
Xmas Day outfit
What to wear christmas
Christmas outfit
Christmas Day
Xmas outfit
Sequins",13/12/2024,,"fyp, xmasdayoutfit, christmasdayoutfits",2,1,3046,3,56
394,Save for your xmas party  @Amber Rose Peake #fyp #hairbow #hairtutorial,13/12/2024,@Amber Rose Peake,"fyp, hairbow, hairtutorial",0,0,1920,2,30
395,Cosy girl core… #fyp #cosygirl,12/12/2024,,"fyp, cosygirl",302,35,3800000,706,11900
396,Winter ootd for the office  #fyp #fitcheck,12/12/2024,,"fyp, fitcheck",33,4,572900,45,626
397,For the leopard print lovers  #fyp #giftsforher,12/12/2024,,"fyp, giftsforher",3,0,6257,5,65
398,A work of ART ✨✨#fyp #handbag,11/12/2024,,"fyp, handbag",1,1,2480,2,42
399,Imagine them in these   #fyp #babytrainers,11/12/2024,,"fyp, babytrainers",0,1,1798,2,32
400,Party season oufit inspo  @Isabella #fyp #partyoutfitinspo,10/12/2024,@Isabella,"fyp, partyoutfitinspo",2,2,2530,3,45
401,OBSESSED with these  #fyp #suede,10/12/2024,,"fyp, suede",4,0,8764,11,75
402,‘Twas the night before the work xmas party... #fyp #workxmasparty,10/12/2024,,"fyp, workxmasparty",25,5,12200,8,151
403,5 party season staples @Georgia Louise Jefferies #fyp #partyoutfitinspo,09/12/2024,@Georgia Louise Jefferies,"fyp, partyoutfitinspo",16,3,546300,43,796
404,Guilty… #fyp #heels #partyheels,09/12/2024,,"fyp, heels, partyheels",0,1,3069,2,57
405,Secret santa gift ideas for £20 and under  #fyp #secretsanta #giftsunder20,08/12/2024,,"fyp, secretsanta, giftsunder20",8,7,46500,31,157
406,Let's see what's new in this week ️ #fyp #newin,08/12/2024,,"fyp, newin",1,6,14400,21,128
407,Prepping for the big day before the big day  #christmaseve #fyp,07/12/2024,,"christmaseve, fyp",2,0,3413,4,43
408,The sparkleee ✨ #fyp #heels,07/12/2024,,"fyp, heels",669,215,3000000,393,9165
409,The last one  #fyp #coats,06/12/2024,,"fyp, coats",139,10,3200000,365,4706
410,No haul like a @Bath & Body Works UK haul this time of year ☃️ #fyp #bathandbodyworks,06/12/2024,@Bath & Body Works UK,"fyp, bathandbodyworks",2,2,2386,3,38
411,New in for her  #fyp #babyoutfits,06/12/2024,,"fyp, babyoutfits",439,6,31000,59,1050
412,The ultimate Christmas gift  #fyp #uggslippers,06/12/2024,,"fyp, uggslippers",0,2,2078,3,21
413,Which Hamish is your fave? #fyp #highlandcow,06/12/2024,,"fyp, highlandcow",910,15,46400,138,1598
414,This chair ☁️ @DAISY LOUISA #fyp #accentchair,05/12/2024,@DAISY LOUISA,"fyp, accentchair",3,2,2605,6,54
415,Which mocktail would you choose?  #fyp #mensfashion,05/12/2024,,"fyp, mensfashion",1,2,2131,3,34
416,The ACTUAL gift sets we want to receive this year  #fyp #giftsforher,04/12/2024,,"fyp, giftsforher",1,1,1648,1,29
417,"1 party season outfit on 3 gorgeous bodies   @The Styling Three #fyp #bodypositivity

Body positivity
1 outfit 3 sizes
Outfit on different body types
Partywear
Party season
Party outfit inspo
Party dress
Sequin dress
Mesh dress",04/12/2024,@The Styling Three,"fyp, bodypositivity",132,40,1900000,299,5869
418,Tag yours  #fyp #workbestie,04/12/2024,,"fyp, workbestie",6,3,2867,6,56
419,"Christmas party staples already in your wardrobe...#fyp #christmaspartyoutfit 

Christmas party outfit
Party outfit inspo
Party outfit
Party season
Lbd
Coord
Party season outfits
Sequin skirt
#creatorsearchinsights",03/12/2024,,"fyp, christmaspartyoutfit, creatorsearchinsights",2,1,2845,4,52
420,"The matching outfits  @Aliyah & Anastacia #christmasoutfit #minimeoutfits #fyp 

Christmas outfits 
Bow outfits 
Mini-me outfits 
Mum and daughter outfits",03/12/2024,@Aliyah & Anastacia,"christmasoutfit, minimeoutfits, fyp",3,1,3626,6,59
421,Autumn jacket rotation  @5ft #fyp #mensoutfitinspo,02/12/2024,@5ft,"fyp, mensoutfitinspo",30,10,288600,38,626
422,Ski girl winter ⛷️❄️ #fyp #skijumper,02/12/2024,,"fyp, skijumper",366,14,368700,260,5066
423,The xmas pjs everyone needs  #next #xmaspjs,01/12/2024,,"next, xmaspjs",24,4,79400,36,350
424,Let's do some payday window shopping! #fyp #newin,01/12/2024,,"fyp, newin",0,0,5532,13,74
