text,created_time,hashtags,shareCount,mentions,commentCount,playCount,diggCount,collectCount,num_mentions
Summer like you mean it.,2025-05-29,,4,,1,406,23,0,0
@marksandspencer_dais giving black and white a fresh perspective.,2025-05-28,,1,,0,1038,28,2,0
Whistles nailing the brief.,2025-05-27,,1,,2,1131,14,2,0
Styling it out nicely. Right  @vernonkay,2025-05-23,,23,,2,10400,304,3,0
"Jaeger summer pieces and @claudiawinkle? Dream combo, tbh.",2025-05-23,,5,,5,4077,106,4,0
Your style to a tee.,2025-05-22,,1,,1,1240,28,2,0
In our bag charm era.,2025-05-21,,7,,2,1746,35,2,0
"Crochet, all day.",2025-05-20,,3,,0,1540,36,1,0
Just what the forecast calls for ,2025-05-19,,0,,1,1813,31,1,0
The reviews are in... @marksandspencer_alison is obsessed with Sweed.​ ,2025-05-17,,0,,0,1392,23,0,0
And the guest wore...,2025-05-15,,0,,1,1699,24,4,0
"Monday mornings done right 
@marksandspencer_alison.",2025-05-12,,2,,0,3192,61,9,0
"Nails to set hearts aflutter 
@marksandspencer_alison",2025-05-04,,0,,1,3770,40,4,0
"Our accessories are ‘popping off’, isn’t that right, @jennymogeystylist?",2025-05-03,,0,,4,3063,57,8,0
The co-ordthat keeps on giving.,2025-05-02,,8,,1,2936,52,5,0
SPF always!,2025-05-01,,0,,2,1225,15,1,0
Picky teas for the win.,2025-05-01,,3,,1,1775,48,5,0
And the guest wore…,2025-04-30,,139,,6,23500,678,155,0
There’s 20% off beauty right now so you can complete every look. ,2025-04-29,,1,,0,2112,28,1,0
"OOTD: this FP Movement set.
@marksandspencer_nicole.",2025-04-28,,2,,0,2091,25,3,0
God forbid…,2025-04-23,,21,,7,6138,150,17,0
"Suede shoes = spring vibes.
@christian petty",2025-04-22,,2,@christian petty,0,2235,20,5,1
Get your kicks.,2025-04-20,,8,,1,9454,95,8,0
Holiday wardrobe sorted. Now to book the flight…,2025-04-19,,7,,6,3699,87,14,0
ICYWW what to get from Pai.,2025-04-18,,3,,1,3061,44,1,0
"Go on, we’re listening…",2025-04-17,,0,,1,2871,46,7,0
Our must-try list just got a little longer. PSA: there’s 20% off big beauty brands.,2025-04-17,,0,,0,2360,25,2,0
"BRB just running to our nearest store.
@roxannebethhoare",2025-04-15,,2,,1,5728,91,12,0
…But we wouldn’t blame you for wanting more ,2025-04-14,,5,,2,4716,70,19,0
"Yup, that’s THE Per Una co-ord.
@elinorcharlotte ",2025-04-14,,2,@elinorcharlotte,2,2556,47,11,1
When your earrings are your entire personality. Love that.,2025-04-14,,0,,2,2280,23,5,0
"The Easter countdown is on 
 
@alexkirwinhome ",2025-04-12,,2,@alexkirwinhome,1,2735,34,5,1
The M&S team’s spring wish list. Love That.,2025-04-11,,69,,18,53500,1089,96,0
"Sliding into spring like...
@ajodudu",2025-04-11,,3,@ajodudu,2,4411,63,6,1
They love to see us coming  ,2025-04-10,,1,,2,5520,93,4,0
Screening calls? Don't let this one go to voicemail...,2025-04-09,,4,,0,3954,26,3,0
Hello ,2025-04-08,,4,,5,4063,25,2,0
"PSA: cancel all your going-out plans. ​
​
Our limited-edition nightwear collection designed by Olivia von Halle is available now.​",2025-04-08,,5,,0,3148,24,0,0
​The countdown is on for the launch of our Olivia von Halle nightwear collaboration.  ,2025-04-07,,1,,1,7668,45,3,0
"A new week = new pieces to shop. 

@Jadehayleywilliams ",2025-04-07,,1,@Jadehayleywilliams,1,3769,44,8,1
Set your alarms ⏰ Our limited-edition nightwear collection by Olivia von Halle drops on Tuesday 8 April.,2025-04-06,,6,,0,18600,98,12,0
The cat's out of the bag. Our limited-edition nightwear collection designed by Olivia von Halle launches soon....,2025-04-06,,1,,1,8671,32,3,0
Hands up if you’re a member of the fan club ,2025-04-04,,59,,11,36000,561,52,0
We’re always here for you ,2025-04-03,,32,,4,12700,175,14,0
Calling it now: these are the sandals of the season. ,2025-04-03,,370,,16,96100,761,95,0
IYKYK ,2025-03-31,,12,,4,8636,162,28,0
"You know what they say: friends who pants shop together, stay together.
@spencermatthews.
@wrighty_.",2025-03-29,,11,,3,14000,198,7,0
Hush has arrived with styles exclusive to M&S,2025-03-28,,3,,0,2050,14,2,0
"Made for an icon, because mum's earned it.",2025-03-27,,0,,0,2364,21,3,0
"Want to join the boys as they shop for pants? Of course you do 
@wrighty_.
@spencermatthews.",2025-03-27,,8,,1,2353,41,4,0
"""I bought it ages ago."" Consider this your Mother's Day reminder.
@marksandspencer_imani",2025-03-27,,0,,1,2264,29,4,0
All the boho inspiration you need for spring,2025-03-26,,1,,0,2965,48,14,0
"""I bought it ages ago."" Consider this your Mother's Day reminder. #mothersday 
@marksandspencer_imani
 ",2025-03-25,mothersday,0,,0,3672,33,5,0
It’s a kids’ world. Our new collection is just for them.  ,2025-03-24,,2,,1,2013,27,0,0
Swipe for new-season inspo. ,2025-03-24,,0,,1,3538,62,4,0
An inside look at our spring collection press event. Love that.,2025-03-23,,2,,1,2646,65,0,0
The M&S team’s spring wish list. Love that.,2025-03-21,,18,,10,16600,455,24,0
SS25 press day. Love that. ,2025-03-20,,27,,4,14200,282,14,0
"Fresh air, fresh ’fits and a fresh perspective. Love that.",2025-03-20,,2,,2,2862,70,5,0
Get ready for the compliments. Our spring collection launches tomorrow! ,2025-03-19,,37,,1,15700,289,15,0
"Compliments incoming... Our spring collection is almost here.
 ",2025-03-18,,5,,2,2465,41,2,0
Don’t miss the boat! These must-haves are now in stock.,2025-03-17,,2,,2,2056,18,7,0
"Whoops, it happened again",2025-03-17,,1,,1,1553,22,7,0
"Spring shoe inspo, courtesy of @marksandspencer_zarah in her new Clarks ",2025-03-16,,4,,5,4497,52,6,0
We’ve got nothing to hide. ,2025-03-14,,11,,3,5828,118,9,0
"Guilty 
@tomelwes.",2025-03-13,,3,,1,2456,33,2,0
We’ve done the legwork (you can thank us later). ,2025-03-12,,8,,3,8352,119,11,0
"Which pieces will you be picking up?
@marksandspencerculver ",2025-03-10,,3,@marksandspencerculver,2,6289,96,11,1
"Spring wardrobe, sorted with these great-value styles.
@megbrackpool.",2025-03-10,,4,,0,5047,80,12,0
"TFW your ’fit slides into place (it’s all about the right pants).
@cordell_mclean.",2025-03-08,,8,,2,4646,75,2,0
On the run with Goodmove and @amyjosimpson.,2025-03-07,,1,,0,2835,46,3,0
"Can’t help with men but can help with jackets.

@eviemills8.",2025-03-07,,0,,1,2963,35,9,0
"Skincare must-haves, according to M&S HQ.",2025-03-06,,14,,5,24100,418,68,0
"TikTok vs reality.
@Juna 
#mymarks",2025-03-05,mymarks,4,@Juna,4,4556,106,10,1
Fits to match your mood,2025-03-03,,2,,2,2943,44,4,0
Great minds dress alike,2025-03-02,,9,,0,8731,110,15,0
"Good jeans. We got ’em.
@jessjepson_",2025-03-01,,0,,2,3215,52,4,0
A little game of on-the-hanger vs on @Lauren Candy✨ ,2025-02-26,,1,@Lauren Candy✨,1,3420,44,10,1
"Ready and waiting for spring with these great-value pieces.
@kriskrechina",2025-02-25,,4,@kriskrechina,10,2742,48,13,1
This is a sign to purchase new underwear ✌️,2025-02-24,,3,,0,2033,13,3,0
Over here in our scrunchie era…,2025-02-23,,31,,15,25000,518,27,0
We’re simple creatures. The way to our hearts? BAGS,2025-02-23,,10,,2,3426,66,6,0
It’s co-ord o’clock. ,2025-02-21,,172,,16,156900,2104,217,0
Runs to checkout ️,2025-02-20,,21,,7,7116,93,11,0
"Make an understatement. Self-expression starts here. 

Uncover our new arrivals.",2025-02-20,,2,,1,2141,15,6,0
Twinning is winning with @WEARETWINSET ,2025-02-19,,1,@WEARETWINSET,2,3027,45,1,1
Its good for you. ,2025-02-18,,12,,6,2744,48,4,0
"Player one, ready.
@ellenbrockygirl.",2025-02-17,,3,,2,3141,47,7,0
Don’t mind if we do…,2025-02-16,,3,,0,1902,17,12,0
A Saturday well spent…,2025-02-15,,9,,5,13700,189,12,0
When the mannequins are giving model.,2025-02-14,,4,,2,1954,27,6,0
"PSA: spring things are in.
@laurenmiam.",2025-02-12,,2,,3,4020,57,6,0
How many spritzes are too many? Asking for a friend.  ,2025-02-11,,4,,1,2308,25,4,0
"ICYMI, prep’s cool. ",2025-02-10,,3,,2,20100,154,35,0
"Stripes + leather = 
@iamnkirote.",2025-02-07,,1,,1,3951,30,1,0
It would be rude not to… @lauravonmullen_,2025-02-06,,6,@lauravonmullen_,2,11100,103,6,1
Feburary ‘fits to take your pick from- which mood are you? ,2025-02-06,,3,,0,3486,48,8,0
Girl math- it’s 2 jackets for the price of 1,2025-02-05,,5,,1,3167,37,9,0
"We’re obsessed 
@what.mia.makes
#MyMarks",2025-02-05,mymarks,11,,5,2526,42,7,0
"This colour combo, though ",2025-02-04,,6,,1,2701,54,7,0
"Beyoncé isn’t the only winner around here 

Jacket- T496008",2025-02-03,,16,,10,18400,107,10,0
"Wearing our hearts on our nails thus Valentine’s Day 

@Simu ✿ ",2025-02-03,,1,@Simu ✿,3,2787,29,9,1
New right now. ,2025-02-03,,134,,13,42700,1108,158,0
"Love is in the store.
@lilliehenrietta.",2025-01-31,,13,,3,3754,70,7,0
The viral loafer but make it ,2025-01-31,,7,,3,5248,52,7,0
What following your dreams actually looks like…,2025-01-30,,14,,4,2279,38,8,0
What’s another few minutes when you’re already late? ,2025-01-29,,202,,27,46000,1041,195,0
Just in case you were wondering… ,2025-01-28,,40,,10,31300,265,15,0
"A great dress, made even better 

@marksandspencer_nicole  ",2025-01-28,,2,,0,2845,29,2,0
"Come shopping with Insider, Emma.

@marksandspencer_emmas.
#MyMarks",2025-01-26,mymarks,1,,1,2027,15,1,0
"Animal print 101 with Insider, Monice.  

@marksandspencer_monice.
#MyMarks",2025-01-25,mymarks,0,,0,2447,26,2,0
"""Timmy may at rock up to a premier, but I do the whole day!"" - @jimchapman

#MyMarks",2025-01-22,mymarks,0,,2,3207,23,2,0
"We’ll take one of each, please.
@marksandspencer_nicole.
#MyMarks",2025-01-21,mymarks,3,,0,3087,42,8,0
"New-in haul and we love ALL of it.

@marksandspencer_em

#MyMarks",2025-01-20,mymarks,2,,1,4792,52,4,0
"Fresh mountain air calls for fresh 'fits from Goodmove ️
@charlotteillidge.",2025-01-17,,1,,2,3309,22,0,0
"You heard it here first. Our insider’s reveal their 2025 must-haves.

@marksandspencer_zarah. @marksandspencer_daz.

#MyMarks",2025-01-17,mymarks,1,,0,2915,43,3,0
"Someone understood the assignment 

@marksandspencer_jodie.
#MyMarks",2025-01-14,mymarks,217,,83,48100,1686,29,0
"We love this for you…
@hellojodie_.
#MyMarks",2025-01-14,mymarks,845,,20,106700,3081,240,0
"Honestly, you never regret wearing a bomber jacket.
 
@marksandspencer_daz.
#MyMarks",2025-01-13,mymarks,1,,0,2649,21,2,0
"This jacket, though 
@marksandspencer_daz.
#MyMarks",2025-01-10,mymarks,2,,2,3139,14,2,0
"A January reset with Goodmove.
@adeleptty.
#MyMarks",2025-01-07,mymarks,0,,0,3360,22,3,0
This is your sign to press pause and take a moment for yourself. Live well. Every day.,2024-12-31,,0,,1,4395,39,1,0
"Stepping into the New Year in style @melvinodoom

#MyMarks",2024-12-31,,0,@melvinodoom,1,2343,32,1,1
Wishing you all a very Merry Christmas from this lovely lot. ,2024-12-25,,1,,1,3982,51,1,0
"2024 is the year of the 
@marksandspencer_charlie 

#napkinfolding #napkins",2024-12-24,"napkinfolding, napkins",1,,0,3678,69,32,0
"We're pleased to announce that Spencer's gift-wrapping service is no longer available 

@marksandspencer_daz 
@marksandspencer_zarah
@wrighty_
@spencermatthews ",2024-12-23,,86,,15,64800,1149,43,0
"The festive up-do you need to know...
@marksandspencer_zarah
#MyMarks",2024-12-23,mymarks,1,,0,2407,15,3,0
"Who did it better – Buddy or @wrighty_ and​
@spencermatthews?",2024-12-22,,49,,9,92500,1361,16,0
"Christmas selfies are out, hilarious, scenic photos with the fam are in…  @holly morris ",2024-12-21,,2,@holly morris,2,2915,27,0,1
"To get your gifts and outfits in time for Christmas, order by Friday 20 Dec (standard delivery) or Monday 23 Dec (Click & Collect or next-day delivery)
@marksandspencer_zarah
#MyMarks",2024-12-19,mymarks,2,,0,2949,31,1,0
"Erm, we think otherwise... 

@wrighty_.
@spencermatthews.",2024-12-18,,67,,9,97500,1533,19,0
"Christmas Day make-up, completed it.
@shana.nyala
#MyMarks",2024-12-17,mymarks,0,,1,2381,20,2,0
"This way to the dancefloor... Two party looks, double the drama.
@trishnagoklani.
#MyMarks",2024-12-15,mymarks,1,,3,2973,40,6,0
"Earn star-gifter status with festive finds from Puma, Reebok, HOFF and adidas.",2024-12-14,,0,,1,2678,27,4,0
"Mark and Spencer take on the two-minute outfit challenge: Christmas edition. 
@wrighty_.@spencermatthews.",2024-12-13,,65,,24,90100,1577,70,0
"Catch eyes with these bold party-season looks.
@jade_edgington.",2024-12-13,,2,,1,2014,21,2,0
"The effortless low bun: party edition.
@marksandspencer_zarah.
#MyMarks",2024-12-10,mymarks,2,,0,3266,18,3,0
"It’s a want, not a need. Get ready with @tia_dewitt.
#MyMarks",2024-12-09,mymarks,0,,2,2313,42,3,0
"It's always a good hair day with Percy & Reed.
@marksandspencer_zarah
#MyMarks",2024-12-09,mymarks,4,,0,1915,18,0,0
"Red hot and coming to a party near you.
@thandimaq
#MyMarks",2024-12-09,mymarks,1,,3,1760,24,1,0
When the shoe *is* the outfit.  ,2024-12-06,,0,,3,3003,14,1,0
" RUN, don't walk... We've hidden 4x £100 gift cards around Battersea Power Station – home to our brand-new concept store. Explore curated capsule collections of considered pieces and iconic M&S styles.",2024-12-04,,11,,3,3323,33,3,0
Oops! @wrighty_ and @spencermatthews ,2024-12-04,,4,,3,12900,350,5,0
"What's in the make-up bag: the Insiders edition. 

@marksandspencer_zarah
@marksandspencer_em

#MyMarks",2024-12-03,mymarks,0,,1,2429,25,4,0
"Endless fun on set with Mark and Spencer 
@wrighty_.
@spencermatthews.",2024-12-01,,1,,3,3601,41,4,0
